{
    "created": "25/09/2023 06:40:17",
    "video_name": "TrafficLight_Annotation",
    "img": [
        {
            "001": {
                "annotations": [
                    {
                        "bbox": {
                            "annoId": "M-zvp4",
                            "fill": "#1b5fb0",
                            "id": "M-idq6",
                            "label": "Car",
                            "opacity": "0.5",
                            "parameters": [
                                {
                                    "nam": "",
                                    "val": ""
                                },
                                {
                                    "nam": "",
                                    "val": ""
                                }
                            ],
                            "points": [],
                            "ratio": 0.0,
                            "score": 0.0,
                            "track": true,
                            "xmax": 390,
                            "xmin": 101,
                            "ymax": 458,
                            "ymin": 318
                        },
                        "imageTag": null,
                        "polygon": null,
                        "id": "M-zvp4",
                        "label": "Car"
                    },
                    {
                        "bbox": {
                            "annoId": "M-gfn7",
                            "fill": "#7edc33",
                            "id": "M-a06s",
                            "label": "Traffic sign",
                            "opacity": "0.5",
                            "parameters": [
                                {
                                    "nam": "",
                                    "val": ""
                                },
                                {
                                    "nam": "",
                                    "val": ""
                                }
                            ],
                            "points": [],
                            "ratio": 0.0,
                            "score": 0.0,
                            "track": false,
                            "xmax": 1034,
                            "xmin": 918,
                            "ymax": 267,
                            "ymin": 82
                        },
                        "imageTag": null,
                        "polygon": null,
                        "id": "M-gfn7",
                        "label": "Traffic sign"
                    }
                ]
            }
        },
        {
            "002": {
                "annotations": [
                    {
                        "bbox": {
                            "annoId": "M-zvp4",
                            "fill": "#1b5fb0",
                            "id": "M-idq6",
                            "label": "Car",
                            "opacity": "0.5",
                            "parameters": [
                                {
                                    "nam": "",
                                    "val": ""
                                },
                                {
                                    "nam": "",
                                    "val": ""
                                }
                            ],
                            "points": [],
                            "ratio": 0.0,
                            "score": 0.0,
                            "track": true,
                            "xmax": 380,
                            "xmin": 92,
                            "ymax": 457,
                            "ymin": 317
                        },
                        "imageTag": null,
                        "polygon": null,
                        "id": "M-zvp4",
                        "label": "Car"
                    }
                ]
            }
        },
        {
            "003": {
                "annotations": [
                    {
                        "bbox": {
                            "annoId": "M-zvp4",
                            "fill": "#1b5fb0",
                            "id": "M-idq6",
                            "label": "Car",
                            "opacity": "0.5",
                            "parameters": [
                                {
                                    "nam": "",
                                    "val": ""
                                },
                                {
                                    "nam": "",
                                    "val": ""
                                }
                            ],
                            "points": [],
                            "ratio": 0.0,
                            "score": 0.0,
                            "track": true,
                            "xmax": 370,
                            "xmin": 82,
                            "ymax": 455,
                            "ymin": 315
                        },
                        "imageTag": null,
                        "polygon": null,
                        "id": "M-zvp4",
                        "label": "Car"
                    }
                ]
            }
        },
        {
            "004": {
                "annotations": [
                    {
                        "bbox": {
                            "annoId": "M-zvp4",
                            "fill": "#1b5fb0",
                            "id": "M-idq6",
                            "label": "Car",
                            "opacity": "0.5",
                            "parameters": [
                                {
                                    "nam": "",
                                    "val": ""
                                },
                                {
                                    "nam": "",
                                    "val": ""
                                }
                            ],
                            "points": [],
                            "ratio": 0.0,
                            "score": 0.0,
                            "track": true,
                            "xmax": 360,
                            "xmin": 73,
                            "ymax": 453,
                            "ymin": 313
                        },
                        "imageTag": null,
                        "polygon": null,
                        "id": "M-zvp4",
                        "label": "Car"
                    }
                ]
            }
        },
        {
            "005": {
                "annotations": [
                    {
                        "bbox": {
                            "annoId": "M-zvp4",
                            "fill": "#1b5fb0",
                            "id": "M-idq6",
                            "label": "Car",
                            "opacity": "0.5",
                            "parameters": [
                                {
                                    "nam": "",
                                    "val": ""
                                },
                                {
                                    "nam": "",
                                    "val": ""
                                }
                            ],
                            "points": [],
                            "ratio": 0.0,
                            "score": 0.0,
                            "track": true,
                            "xmax": 350,
                            "xmin": 63,
                            "ymax": 452,
                            "ymin": 312
                        },
                        "imageTag": null,
                        "polygon": null,
                        "id": "M-zvp4",
                        "label": "Car"
                    }
                ]
            }
        },
        {
            "006": {
                "annotations": [
                    {
                        "bbox": {
                            "annoId": "M-zvp4",
                            "fill": "#1b5fb0",
                            "id": "M-idq6",
                            "label": "Car",
                            "opacity": "0.5",
                            "parameters": [
                                {
                                    "nam": "",
                                    "val": ""
                                },
                                {
                                    "nam": "",
                                    "val": ""
                                }
                            ],
                            "points": [],
                            "ratio": 0.0,
                            "score": 0.0,
                            "track": true,
                            "xmax": 339,
                            "xmin": 54,
                            "ymax": 451,
                            "ymin": 311
                        },
                        "imageTag": null,
                        "polygon": null,
                        "id": "M-zvp4",
                        "label": "Car"
                    }
                ]
            }
        }
    ]
}