{
    "created": "08/18/2023 10:01:05",
    "height": 1080,
    "img": {
        "001": {
            "annotations": [
                {
                    "bbox": {
                        "annoId": "M-zvp4",
                        "comments": [],
                        "fill": "#1b5fb0",
                        "id": "M-idq6",
                        "label": "Car",
                        "opacity": "0.5",
                        "parameters": [
                            {
                                "nam": "",
                                "val": ""
                            },
                            {
                                "nam": "",
                                "val": ""
                            }
                        ],
                        "points": [],
                        "ratio": 0.0,
                        "score": 0.0,
                        "track": true,
                        "xmax": 390,
                        "xmin": 101,
                        "ymax": 458,
                        "ymin": 318
                    },
                    "imageTag": null,
                    "polygon": null,
                    "id": "M-zvp4",
                    "label": "Car"
                },
                {
                    "bbox": {
                        "annoId": "M-gfn7",
                        "comments": [],
                        "fill": "#7edc33",
                        "id": "M-a06s",
                        "label": "Traffic sign",
                        "opacity": "0.5",
                        "parameters": [
                            {
                                "nam": "",
                                "val": ""
                            },
                            {
                                "nam": "",
                                "val": ""
                            }
                        ],
                        "points": [],
                        "ratio": 0.0,
                        "score": 0.0,
                        "track": false,
                        "xmax": 1034,
                        "xmin": 918,
                        "ymax": 267,
                        "ymin": 82
                    },
                    "imageTag": null,
                    "polygon": null,
                    "id": "M-gfn7",
                    "label": "Traffic sign"
                }
            ]
        }
    },
    "inputs_dir": null,
    "width": 1920,
    "marked": true
}